Name	# Nucleotide Sequences With Mates	Created Date	Description	Free end gaps	Mean Coverage	Modified	Molecule Type	Ref Seq Name	Sequence	Sequence Length	Size	Topology	Tree builder	URN
3300009494 4	0	Fri Oct 25 11:14:45 MDT 2024	assembled Ga0127413_100021006 methyl-coenzyme M reductase alpha subunit	true	7434.089898053753	Fri Oct 25 11:14:45 MDT 2024	AA		MAYKYPSEKIFVEALKAKFAGLDLSEKKTEYKRAGYVQNARKREFQAAGERVAEQRGIKQYDVNVHCGGMTLGQRQLVPYKLSTTPDIVEGDDLHYVNNPAMQQMWDDIKRTIIVGMDLAHETLEKRLGKEVTPESIAGYMEAVNHAMPGAALVQEHMVETHPGLVDDCYVKLFTGDDELADEIDSQYVININDLFDKEGQADTIKAAMGKTTWQAVHIPTIVVRCCDGGNTSRWSAMQIGMSFIAAYNMCAGEAAVADLAFAAKHAAAVQMAEMLPARRARSPNEPGGLSFGYCADMCQTQRIAPDDPVRCTLEVVATGTMLYDQIWLGSYMSGGVGFTQYATAAYTNDVLDDFTYYGYDYALNKYGDDGSAPNDLATATDLATEVTLNAMECYEDYPTLLEDHFGGSQRAGVMAAASACTTGIATGNAQVALSGWYMSMYLHKEGWGRLGFFGYDLQDQCGATNVCSYQGDEGCCLELRGANYPNYAMNVGHQGEYAGITQSAHSGNHDAYCCNPLIKVTFADPSLVFDFSHTRKEYARGAMRTFRPAGERSLVIPAGI*	562	1 KB	linear	FastTree	urn:local:.:1gt-idbm34j
3300009492 2	0	Fri Oct 25 11:14:45 MDT 2024	assembled Ga0127412_100004832 methyl-coenzyme M reductase alpha subunit	true	7434.089898053753	Fri Oct 25 11:14:45 MDT 2024	AA		MAYKYPSEKIFVEALKAKFAGLDLSEKKTEYKRAGYVQNARKREFQAAGERVAEQRGIKQYDVNVHCGGMTLGQRQLVPYKLSTTPDIVEGDDLHYVNNPAMQQMWDDIKRTIIVGMDLAHETLEKRLGKEVTPESIAGYMEAVNHAMPGAALVQEHMVETHPGLVDDCYVKLFTGDDELADEIDSQYVININDLFDKEGQADEIKAAIGKTTWQAVHIPTIVVRCCDGGNTSRWSAMQIGMSFIAAYNMCAGEAAVADLAFAAKHAAAVQMAEMLPARRARSPNEPGGLSFGYCADMCQTQRIAPDDPVRCTLEVVATGTMLYDQIWLGSYMSGGVGFTQYATAAYTNDVLDDFTYYGYDYALNKYGEDGTAPNDLATATDLATEVTLNAMECYEDYPTLLEDHFGGSQRAGVMAAASACTTGIATGNAQVALSGWYMSMYLHKEGWGRLGFFGYDLQDQCGATNVCSYQGDEGCCLELRGANYPNYAMNVGHQGEYAGITQSAHSGNHDAYCCNPLIKVTFADPSLVFDFSHTRKEYARGAMRTFRPAGERSLVIPAGI*	562	1 KB	linear	FastTree	urn:local:.:1e9-idbm34g
3300008468 4	0	Fri Oct 25 11:14:45 MDT 2024	assembled Ga0115358_100028062 methyl-coenzyme M reductase alpha subunit	true	7434.089898053753	Fri Oct 25 11:14:45 MDT 2024	AA		MAYKYPSEKLFVEALKSKFAGLDLAEXKVNYVRAGYLQXXRKREFQAAGERVAEQRGXKQYDVNVHCGGMTLGQRQLVPYKLSTRPDIVEGDDLHYVNNPAMQQMWDDMKRTIIVGMDLAHETLEKRLGKEVTPESIAGYMEAVNHTMPGAAIVQEHMVETHPGLVDDCYVKLFTGDDELADEIDSQYVININDLFDKEGQNEKIKAAIGKTTWQAVHIPTIVVRCCDGGNTSRWSAMQIGMSFIAAYNMCAGEAAVADLAFAAKHAAAIQMAEMLPARRARSPNEPGGLSFGYCADMVQTLRVKPEDPVWYTLEVVACGTMLYDQIWLGSYMSGGVGFTQYATAAYTNXVLDDFTYYGYDYALNKYGDDGTAPNDLATATDLATEVTLNGMECYEDYPTLLEDHFGGSQRAGILAAASACTTGIATGNAQVALSAWYMSMYVHKEGWGRLGFFGYDLQXQCGATNVCSYQGDEGCCLELRGANYPNYAMNVGHQGEYAGFTGXAXAGAXXAYCCNPLVKVCFADPSLVXDFSYIRKEYAKGAMRTFRPAGERSLVIPAGV*	562	1 KB	linear	FastTree	urn:local:.:1d9-idbm34e
3300005373 10	0	Fri Oct 25 11:14:45 MDT 2024	"assembled Ga0074260_1264 Methyl coenzyme M reductase, alpha subunit"	true	7434.089898053753	Fri Oct 25 11:14:45 MDT 2024	AA		MAYKYPSEKIFVEALKAKFAGLDLADQKTRYVRAGFVQNARKREFQAAGMRVAEQRGIKQYDVNVHLGGMTLGQRQLVPYKLSTQPDIVEGDDLHYVNNPAMQQMWDDMKRTIIVGMDLAHETLEKRLGKEVTPESIAGYMEAVNHTMPGAAIVQEHMVETHPGLVDDCYVKMFTGDDELADEIDSQYVININDLFDKEGQNEKIKAAIGKTTWQAIHIPTIVVRCCDGGNTSRWSAMQLGMSYIAAYNMCAGEAAVADLAFAAKHAAAVQMAEMLPARRARSPNEPGGLSFGYCADMVQKMRVKPDDPVLYTLEVVACGTMLYDQIWLGSYMSGGVGFTQYATAAYTNDVLDDFTYYGYDYALNKFGPDGTAPNDLATATDLATEVTLNGMECYEDYPTLLEDHFGGSQRAGILAAASACTTGIATGNAQVALSAWYMSMYVHKEGWGRLGFFGYDLQDQCGATNVCSYQGDEGCCLELRGANYPNYAMNVGHQGEYAGFTGAAHAGAHDAYCCNPLIKVCFADPSLVFDFADIRKEYARGAMRTFRPAGERSLVIPAGV*	562	1 KB	linear	FastTree	urn:local:.:1fd-idbm34i
3300005373 7	0	Fri Oct 25 11:14:45 MDT 2024	"assembled Ga0074260_15228 Methyl coenzyme M reductase, alpha subunit"	true	7434.089898053753	Fri Oct 25 11:14:45 MDT 2024	AA		MAYKYPSEKIFVEALKAKFAGLDLSETRVEYKRAGYVQNARKREFQAAGERVAEQRGMKQYDVNVHLGGMTLGQRQLVPYKLSTTPDIVEGDDLHYVNNPAMQQMWDDIKRTIVVGMDLAHETLEKRLGKEVTPESIAGYMEAVNHTMPGAAIVQEHMVETHPGLVDDCYVKMFTGDDELADEIDSQYVININDLFDKEGQNDTIKAAIGKTTWQAVHIPTIVVRCCDGGNTSRWSAMQIGMSFIAAYNMCAGEAAVADLAFAAKHAAAVQMAEMLPARRARSPNEPGGLSFGYCADMCQTQRIAPDDPVRCTLEVVATGTMLYDQIWLGSYMSGGVGFTQYATAAYTNDVLDDFTYYGYDYALNKYGEDGTAPNDLATATDLATEVTLNAMECYEDYPTLLEDHFGGSQRAGVMAAASACTTGIATGNAQVALSGWYMSMYLHKEGWGRLGFFGYDLQDQCGATNVCSYQGDEGCCLELRGANYPNYAMNVGHQGEYAGITQSAHSGNHDAYCCNPLIKVTFADPSLVFDFSHTRKEYARGAMRTFRPAGERSLVIPAGI*	562	1 KB	linear	FastTree	urn:local:.:1cx-idbm34d
3300001685 2	0	Fri Oct 25 11:14:45 MDT 2024	"assembled JGI24024J18818_100021615 Methyl coenzyme M reductase, alpha subunit"	true	7434.089898053753	Fri Oct 25 11:14:45 MDT 2024	AA		MAYKYPSEKLFVEALKSKFAGLDLSDQKTKYVRAGYVQNARKREFQAAGERVAEQRGMQQYDVNVHLGGMTLGQRQLVPYKLSTRPDIVEGDDLHYVNNPAMQQMWDDMKRTIIVGMDLAHETLEKRLGKEVTPESIAGYMEAVNHTMPGAAIVQEHMVETHPGLVDDCYVKMFTGDDELADEIDSQYVININDLFDKEGQNEKLKAAIGKTTWQAVHIPTIVVRCCDGGNTSRWSAMQIGMSFIAAYNMCAGEAAVADLAFAAKHAAAVQMAEMLPARRARSPNEPGGLSFGYCADMVQTLRVKPEDPVWYTLEVVACGTMLYDQIWLGSYMSGGVGFTQYATAAYTNDVLDDFTYYGYDYALNKYGDDGTAPNDLATATDLATEVTLNGMECYEDYPTLLEDHFGGSQRAGILAAASACTTGIATGNAQVALSAWYMSMYLHKEGWGRLGFFGYDLQDQCGATNVCSYQGDEGCCLELRGANYPNYAMNVGHQGEYAGFTGAAHAGAHDAYCCNPLVKVCFADPSLVFDFSYIRKEYAKGAMRTFRPAGERSLVIPAGI*	562	1 KB	linear	FastTree	urn:local:.:1ep-idbm34h
3300005917	0	Fri Oct 25 11:14:45 MDT 2024	"assembled Ga0075115_100065192 Methyl coenzyme M reductase, alpha subunit"	true	7434.089898053753	Fri Oct 25 11:14:45 MDT 2024	AA		MAYKYPSEKLFVEALKSKFAGLDLAEQKVDYVRAGYLQSSRKREFQAAGAAVAERRGMKQYDCNVHCGGMTLGQRQLVPYKLSTQPDIVEGDDLHYVNNPAMQQMWDDIKRTIIVGMDLAHETLEKRLGKEVTPESIAGYMEAVNHTMPGAAIVQEHMVETHPGLVDDCYVKMFTGDDELADEIDSQYVININDLFDKEGQNEKLKAAIGKTTWQAVHIPTIVVRSCDGGNTSRWSAMQIGMSFIAAYNMCAGEAAVADLAFAAKHAAAVQMAEMLPARRARSPNEPGGLSFGYAADMVQKMRVKPDDPVLYTLEVVAMGTMLYDQIWLGSYMSGGVGFTQYATAAYTNDVLDDFTYYGYDYALNKYGDDGTAPNDLATATELATEVTLNGMECYEDYPTLLEDHFGGSQRAGILAAASACTTGIATGNAQVALSAWYMSMYLHKEGWGRLGFFGYDLQDQCGATNVCSYQGDEGCCLELRGANYPNYAMNVGHQGEYAGFTGAAHAGAHDAYCCNPLIKVCFADQSLVFDFADIRKEYAKGAMRQFRPAGERSLVIPAGV*	562	1 KB	linear	FastTree	urn:local:.:1gx-idbm34j
3300005099	0	Fri Oct 25 11:14:45 MDT 2024	"assembled Ga0072682_1148603 Methyl coenzyme M reductase, alpha subunit"	true	7434.089898053753	Fri Oct 25 11:14:45 MDT 2024	AA		MTYKYPSEKIFVEALREKFAGLDLSEQKTKYVRAGYLQSARKREFQAAGERVAEKRGIKQYDANVHLGGMTLGQRQLVPYKLSTRPDIVEGDDLHYVNNPAMQQMWDDMKRTIIVGMDLAHETLEKRLGKEVTPETINGYMEAVNHTMPGAAIVQEHMVETHPGLVDDCYVKIFTGDDELADEIDPQYVININKLFDKEDQNEKLKAAIGKTTWQAVHIPTIVVRSCDGGNTSRWSAMQIGMSFIAAYNMCAGEAAVADLAFAAKHAAAIQMAEMLPARRARSPNEPGGLSFGYCADMVQTMRIKPEDPVWYTLEVVACGTMLYDQIWLGSYMSGGVGFTQYATAAYTNDVLDDFTYYGYDYALNKYGPDGTAPNDLATATDIATETTLNGMESYEDYPTLLEDHFGGSQRAGILAAASACATGIATGNAQVALSGWYMSMYVHKEGWGRLGFFGYDLQDQCGATNVCSYQGDEGECLELRGANYPNYAMNVGHQGEYAGFTGAAHAGAHDAYCCNPLVKVCFADPSLVFDFSYIRREYAKGGMRTFRPAGERSLVIPAGI*	562	1 KB	linear	FastTree	urn:local:.:1hh-idbm34k
3300038697 2	0	Fri Oct 25 11:14:45 MDT 2024	assembled Ga0401162_00046_884_2569 methyl-coenzyme M reductase alpha subunit	true	7434.089898053753	Fri Oct 25 11:14:45 MDT 2024	AA		MAYKYPSEKMFVEALKAKFAGLDLSEQKTKYVRAGYVQNARKREFQAAGAAVAERRGMQQYDVNVHCGGMTLGQRQLVPYKLSTQPDIVEGDDLHYVNNPAMQQMWDDMKRTIIVGMDLAHETLEKRLGKEVTPESIAGYMEAVNHTMPGAAIVQEHMVETHPGLVDDCYVKMFTGDDELADEIDSQYVININDLFDKEGQADKIKAAMGKTTWQAVHIPTIVVRCCDGGNTSRWSAMQIGMSFIAAYNMCAGEAAVADLAFAAKHAAAVQMAEMLPARRARSPNEPGGLSFGYCADMVQKMRVKPEDPVLYTLEVVACGTMLYDQIWLGSYMSGGVGFTQYATAAYTNDVLDDFTYYGYDYALNKYGDDGTAPNDLATATDLATEVTLNGMECYEDYPTLLEDHFGGSQRAGILAAASACTTGIATGNAQVALSAWYMSMYLHKEGWGRLGFFGYDLQDQCGATNVCSYQGDEGCCLELRGANYPNYAMNVGHQGEYAGFTGAAHAGAHDAYCCNPLIKVCFADPSLVFDFSDIRKEYAKGAMRTFRPAGERSLVIPAGV	561	1 KB	linear	FastTree	urn:local:.:1fl-idbm34i
3300033388 4	0	Fri Oct 25 11:14:45 MDT 2024	assembled Ga0370355_10080295 methyl-coenzyme M reductase alpha subunit	true	7434.089898053753	Fri Oct 25 11:14:45 MDT 2024	AA		MAYKYPSEKIFVEALKAKFAGLDLSEQKVEYKRAGYVQNARKREFQAAGERVAEQRGISQYDVNVHCGGMTLGQRQLVPYKLSTTSDIVEGDDLHYVNNPAMQQMWDDIKRTIVVGMDLAHETLEKRLGKEVTPESIAGYMEAVNHTMPGAAIVQEHMVETHPGLVDDCYVKLFTGDDELADEIDSQYVININDLFDKEGQADAIKAAMGNTTWQAVHIPTIVVRCCDGGNTSRWSAMQIGMSFIAAYNMCAGEAAVADLAFAAKHAAAVQMAEMLPARRARSPNEPGGLSFGYCADMCQTQRIAPDDPVRCTLEVVATGTMLYDQIWLGSYMSGGVGFTQYATAAYTNDVLDDFTYYGYDYALNKYGEDGTASQDLATATDLATEVTLNAMECYEDYPTLLEDHFGGSQRAGVMAAASACTTGIATGNAQVALSAWYMSMYLHKEGWGRLGFFGYDLQDQCGATNVCSYQGDEGCCLELRGANYPNYAMNVGHQGEYAGITQSAHSGNHDAYCCNPLIKVTFADPSLVFDFSHTRKEYARGAMRTFRPAGERSLVIPAGI	561	1 KB	linear	FastTree	urn:local:.:1g1-idbm34j
3300033156 4	0	Fri Oct 25 11:14:45 MDT 2024	assembled Ga0366836_10031034 methyl-coenzyme M reductase alpha subunit	true	7434.089898053753	Fri Oct 25 11:14:45 MDT 2024	AA		MAYKYPSEKLFVEALKDKFAGLDLSEQKVKYVRAGYLQNARKREFQAAGERVAEQRGMKQYDVNVHLGGMTLGQRQLVPYKLSTRPDIVEGDDLHYVNNPAMQQMWDDMKRTIIVGMDLAHETLEKRLGKEVTPESIAGYMEAVNHTMPGAAIVQEHMVETHPGLVDDCYVKMFTGDDELADEIDSQYVININDLFDKEGQNEKLKAAIGKTTWQAVHIPTIVVRCCDGGNTSRWSAMQIGMSFIAAYNMCAGEAAVADLAFAAKHAAAVQMAEMLPARRARSPNEPGGLSFGYCADMVQTLRVKPEDPVWYTLEVVACGTMLYDQIWLGSYMSGGVGFTQYATAAYTNDVLDDFTYYGYDYALNKYGDDGTAPNDLATATDLATEVTLNGMECYEDYPTLLEDHFGGSQRAGILAAASACTTGIATGNAQVALSAWYMSMYLHKEGWGRLGFFGYDLQDQCGATNVCSYQGDEGCCLELRGANYPNYAMNVGHQGEYAGFTGAAHAGAHDAYCCNPLVKVCFADPSLVFDFSYIRKEYAKGAMRTFRPAGERSLVIPAGV	561	1 KB	linear	FastTree	urn:local:.:1f1-idbm34h
3300033151 2	0	Fri Oct 25 11:14:45 MDT 2024	assembled Ga0366837_11187362 methyl-coenzyme M reductase alpha subunit	true	7434.089898053753	Fri Oct 25 11:14:45 MDT 2024	AA		MAYKYPSEKIFVEALKAKFAGLDLSEAKMKYVRAGYLQSSRKREFQAAGAAVAEKRGIKQYDVNVHCGGMTLGQRQLVPYKLSTQPDIVEGDDLHYVNNPAMQQMWDDMKRTIIVGMDLAHETLEKRLGKEVTPESIAGYMEAVNHTMPGAAIVQEHMVETHPGLVDDCYVKLFTGDDELADEIDSQYVININDLFDKEGQADKIKAAMGKTTWQAVHIPTIVVRCCDGGNTSRWSAMQIGMSFIAAYNMCAGEAAVADLAFAAKHAAAIQMAEMLPARRARSPNEPGGLSFGYCADMVQKMRVKPEDPVLYTLEVVACGTMLYDQIWLGSYMSGGVGFTQYATAAYTNDVLDDFTYYGYDYALNKFGDDGTAPNDLATATDLATEVTLNGMECYEDYPTLLEDHFGGSQRAGILAAASACTTGIATGNAQVALSAWYMSMYLHKEGWGRLGFFGYDLQDQCGATNVCSYQGDEGCCLELRGANYPNYAMNVGHQGEYAGFTGAAHAGAHDAYCCNPLIKVCFADPSLVFDFADVRKEYAKGAMRQFRPAGERSLVIPAGV	561	1 KB	linear	FastTree	urn:local:.:1ht-idbm34l
3300033150 10	0	Fri Oct 25 11:14:45 MDT 2024	assembled Ga0366835_10155108 methyl-coenzyme M reductase alpha subunit	true	7434.089898053753	Fri Oct 25 11:14:45 MDT 2024	AA		MAYKYPSEKLFVEALKDKFAGLDLSEQKVKYVRAGYLQNARKREFQAAGERVAEQRGMKQYDVNVHLGGMTLGQRQLVPYKLSTRPDIVEGDDLHYVNNPAMQQMWDDMKRTIIVGMDLAHETLEKRLGKEVTPESIAGYMEAVNHTMPGAAIVQEHMVETHPGLVDDCYVKMFTGDDELADEIDSQYVININDLFDKEGQNEKLKAAIGKTTWQAVHIPTIVVRCCDGGNTSRWSAMQIGMSFIAAYNMCAGEAAVADLAFAAKHAAAVQMAEMLPARRARSPNEPGGLSFGYCADMVQTLRVKPEDPVWYTLEVVACGTMLYDQIWLGSYMSGGVGFTQYATAAYTNDVLDDFTYYGYDYALNKYGDDGTAPNDLATATDLATEVTLNGMECYEDYPTLLEDHFGGSQRAGILAAASACTTGIATGNAQVALSAWYMSMYLHKEGWGRLGFFGYDLQDQCGATNVCSYQGDEGCCLELRGANYPNYAMNVGHQGEYAGFTGAAHAGAHDAYCCNPLVKVCFADPSLVFDFSYIRKEYAKGAMRTFRPAGERSLVIPAGV	561	1 KB	linear	FastTree	urn:local:.:1ed-idbm34g
3300033142 4	0	Fri Oct 25 11:14:45 MDT 2024	assembled Ga0366826_10063995 methyl-coenzyme M reductase alpha subunit	true	7434.089898053753	Fri Oct 25 11:14:45 MDT 2024	AA		MAYKYPSEKLFVEALKSKFAGLDLAENKVNYVRAGYLQSSRKREFQAAGERVAEKRGMKQYDVNVHCGGMTLGQRQLVPYKLSTRPDIVEGDDLHYVNNPAMQQMWDDMKRTIIVGMDLAHETLEKRLGKEVTPESIAGYMEAVNHTMPGAAIVQEHMVETHPGLVDDCYVKLFTGDDELADEIDSQYVININDLFDKEGQNEKLKAAIGKTTWQAVHIPTIVVRCCDGGNTSRWSAMQIGMSFIAAYNMCAGEAAVADLAFAAKHAAAIQMAEMLPARRARSPNEPGGLSFGYCADMVQTMRVKPEDPVWYTLEVVACGTMLYDQIWLGSYMSGGVGFTQYATAAYTNDVLDDFTYYGYDYALKKYGEDGTAPNDLATATELATEVTLNGMECYEDYPTLLEDHFGGSQRAGILAAASACTTGIATGNAQVALSAWYMSMYVHKEGWGRLGFFGYDLQDQCGATNVCSYQGDEGCCLELRGANYPNYAMNVGHQGEYAGFTGAAHAGAHDAYCCNPLVKVCFADPSLVFDFSYIRKEYAKGAMRTFRPAGERSLVIPAGV	561	1 KB	linear	FastTree	urn:local:.:1dp-idbm34e
3300033142 3	0	Fri Oct 25 11:14:45 MDT 2024	assembled Ga0366826_10207545 methyl-coenzyme M reductase alpha subunit	true	7434.089898053753	Fri Oct 25 11:14:45 MDT 2024	AA		MAYKYPSEKIFVEALKAKFAGLDLSEQKVEYKRAGYVQNARKREFQAAGERVAEQRGISQYDVNVHCGGMTLGQRQLVPYKLSTTSDIVEGDDLHYVNNPAMQQMWDDIKRTIVVGMDLAHETLEKRLGKEVTPESIAGYMEAVNHTMPGAAIVQEHMVETHPGLVDDCYVKLFTGDDELADEIDSQYVININDLFDKEGQADAIKAAMGNTTWQAVHIPTIVVRCCDGGNTSRWSAMQIGMSFIAAYNMCAGEAAVADLAFAAKHAAAVQMAEMLPARRARSPNEPGGLSFGYCADMCQTQRIAPDDPVRCTLEVVATGTMLYDQIWLGSYMSGGVGFTQYATAAYTNDVLDDFTYYGYDYALNKYGEDGTASQDLATATDLATEVTLNAMECYEDYPTLLEDHFGGSQRAGVMAAASACTTGIATGNAQVALSAWYMSMYLHKEGWGRLGFFGYDLQDQCGATNVCSYQGDEGCCLELRGANYPNYAMNVGHQGEYAGITQSAHSGNHDAYCCNPLIKVTFADPSLVFDFSHTRKEYARGAMRTFRPAGERSLVIPAGI	561	1 KB	linear	FastTree	urn:local:.:1gl-idbm34j
3300031920 2	0	Fri Oct 25 11:14:45 MDT 2024	assembled Ga0326328_100023441 methyl-coenzyme M reductase alpha subunit	true	7434.089898053753	Fri Oct 25 11:14:45 MDT 2024	AA		MAYKYPSEKIFVEALKAKFAGLDLSEQKVKYVRAGYVQNARKREFQAAGERVAAVRGMQQYDVNIHLGGMTLGQRQLVPYKISTTQDIVEGDDLHYVNNPAMQQMWDDIKRTIIVGMDLAHETLEKRLGKEVTPESIAGYMEAVNHTMPGAAIVQEHMVETHPGLVDDCYVKLFTGDDELADEIDSQYVININDLFDKEGQADQIKAAMGNTTWQAVHIPTIVVRCCDGGNTSRWSAMQIGMSFIAAYNMCAGEAAVADLAFAAKHAAAVQMAEMLPARRARSPNEPGGLSFGYCADMCQTQRIAPDDPVRCTLEVVATGTMLYDQIWLGSYMSGGVGFTQYATAAYTNDVLDDFTYYGYDYALNKFGDDGSAPNDLATATDLATEVTLNAMECYEDYPTLLEDHFGGSQRAGVMAAASACTTGIATGNAQVALSAWYMSMYLHKEGWGRLGFFGYDLQDQCGATNVCSYQGDEGCCLELRGANYPNYAMNVGHQGEYAGITQSAHSGSHDAYCCNPLIKVTFADPSLVFDFSHTRKEYARGAMRTFRPAGERSLVIPAGI	561	1 KB	linear	FastTree	urn:local:.:1ex-idbm34h
3300029813 8	0	Fri Oct 25 11:14:45 MDT 2024	assembled Ga0311296_13062192 methyl-coenzyme M reductase alpha subunit	true	7434.089898053753	Fri Oct 25 11:14:45 MDT 2024	AA		MAYKYPSEKLFVEALKAKFAGLDLAEQKVEYVRAGYVQNARKREFQAAGAAVAERRGMQQYDVNVHCGGMTLGQRQLVPYKLSTQPDIVEGDDLHYVNNPAMQQMWDDMKRTIIVGMDLAHETLEKRLGKEVTPESIAGYMEAVNHTMPGAAIVQEHMVETHPGLVDDCYVKMFTGDDELADEIDSQYVININDLFDKEGQADKIKAAMGKTTWQAVHIPTIVVRCCDGGNTSRWSAMQIGMSFIAAYNMCAGEAAVADLAFAAKHAAAVQMAEMLPARRARSPNEPGGLSFGYCADMVQKMRVKPEDPVLYTLEVVACGTMLYDQIWLGSYMSGGVGFTQYATAAYTNDVLDDFTYYGYDYALNKYGDDGTAPNDLATATDLATEVTLNGMECYEDYPTLLEDHFGGSQRAGILAAASACTTGIATGNAQVALSAWYMSMYLHKEGWGRLGFFGYDLQDQCGATNVCSYQGDEGCCLELRGANYPNYAMNVGHQGEYAGFTGAAHAGAHDAYCCNPLIKVCFADPSLVFDFADIRKEYASGAMRQFRPAGERSLVIPAGV	561	1 KB	linear	FastTree	urn:local:.:1dl-idbm34e
3300027858 3	0	Fri Oct 25 11:14:45 MDT 2024	assembled Ga0209013_1000033024 methyl-coenzyme M reductase alpha subunit	true	7434.089898053753	Fri Oct 25 11:14:45 MDT 2024	AA		MAYKYPSEKLFVEALKSKFAGLDLSDQKTKYVRAGYVQNARKREFQAAGERVAEQRGMQQYDVNVHLGGMTLGQRQLVPYKLSTRPDIVEGDDLHYVNNPAMQQMWDDMKRTIIVGMDLAHETLEKRLGKEVTPESIAGYMEAVNHTMPGAAIVQEHMVETHPGLVDDCYVKMFTGDDELADEIDSQYVININDLFDKEGQNEKLKAAIGKTTWQAVHIPTIVVRCCDGGNTSRWSAMQIGMSFIAAYNMCAGEAAVADLAFAAKHAAAVQMAEMLPARRARSPNEPGGLSFGYCADMVQTLRVKPEDPVWYTLEVVACGTMLYDQIWLGSYMSGGVGFTQYATAAYTNDVLDDFTYYGYDYALNKYGDDGTAPNDLATATDLATEVTLNGMECYEDYPTLLEDHFGGSQRAGILAAASACTTGIATGNAQVALSAWYMSMYLHKEGWGRLGFFGYDLQDQCGATNVCSYQGDEGCCLELRGANYPNYAMNVGHQGEYAGFTGAAHAGAHDAYCCNPLVKVCFADPSLVFDFSYIRKEYAKGAMRTFRPAGERSLVIPAGI	561	1 KB	linear	FastTree	urn:local:.:1gp-idbm34j
3300027742 2	0	Fri Oct 25 11:14:45 MDT 2024	assembled Ga0209121_100035882 methyl-coenzyme M reductase alpha subunit	true	7434.089898053753	Fri Oct 25 11:14:45 MDT 2024	AA		MAYKYPSEKIFVEALKSKFAGLDLADQKVKYVRAGYLQNARKREFQAAGERVAEQRGMKQYDVNVHLGGMTLGQRQLVPYKLSTRPDIVEGDDLHYVNNPAMQQMWDDMKRTIIVGMDLAHETLEKRLGKEVTPESIAGYMEAVNHTMPGAAIVQEHMVETHPGLVDDCYVKMFTGDDELADEIDSQYVININDLFDKEGQNEKLKAAIGKTTWQAVHIPTIVVRCCDGGNTSRWSAMQIGMSFIAAYNMCAGEAAVADLAFAAKHAAAVQMAEMLPARRARSPNEPGGLSFGYCADMVQTLRVKPEDPVWYTLEVVACGTMLYDQIWLGSYMSGGVGFTQYATAAYTNDVLDDFTYYGYDYALNKYGPDGTAPNDLATATDLATEVTLNGMECYEDYPTLLEDHFGGSQRAGILAAASACTTGIATGNAQVALSAWYMSMYVHKEGWGRLGFFGYDLQDQCGATNVCSYQGDEGCCLELRGANYPNYAMNVGHQGEYAGFTGAAHAGAHDAYCCNPLVKVCFADPSLVFDFSYIRKEYAKGAMRTFRPAGERSLVIPAGV	561	1 KB	linear	FastTree	urn:local:.:1hd-idbm34k
3300021513 4	0	Fri Oct 25 11:14:45 MDT 2024	assembled Ga0190315_10005386 methyl-coenzyme M reductase alpha subunit	true	7434.089898053753	Fri Oct 25 11:14:45 MDT 2024	AA		MAYKYPSEKLFVEALKAKFAGLDLADQKTKYVRAGYLQNARKREFQAAGERVAEKRGIKQYDVNVHCGGMTLGQRQLVPYKLSTRPDIVEGDDLHYVNNPAMQQMWDDMKRTIIVGMDLAHETLEKRLGKEVTPESIAGYMEAVNHTMPGAAIVQEHMVETHPGLVDDCYVKLFTGDDELADEIDSQYVININDLFDKEGQNEKLKAAIGKTTWQAVHIPTIVVRCCDGGNTSRWSAMQIGMSFIAAYNMCAGEAAVADLAFAAKHAAAIQMAEMLPARRARSPNEPGGLSFGYCADMVQTMRVKPEDPVWYTLEVVACGTMLYDQIWLGSYMSGGVGFTQYATAAYTNDVLDDFTYYGYDYALNKYGPDGTAPNDLATATDLATEVTLNGMECYEDYPTLLEDHFGGSQRAGILAAASACTTGIATGNAQVALSAWYMSMYVHKEGWGRLGFFGYDLQDQCGATNVCSYQGDEGCCLELRGANYPNYAMNVGHQGEYAGFTGSAHAGAHDAYCCNPLVKVTFADPSLVFDFSYIRKEYAKGAMRTFKPAGERSLVIPAGV	561	1 KB	linear	FastTree	urn:local:.:1g5-idbm34j
3300021512 2	0	Fri Oct 25 11:14:45 MDT 2024	assembled Ga0190303_10029054 methyl-coenzyme M reductase alpha subunit	true	7434.089898053753	Fri Oct 25 11:14:45 MDT 2024	AA		MTYKYPSEKIFVEALREKFAGLDLSEQKVKYVRAGYLQSARKREFQAAGERVAEKRGIKQYDANVHLGGMTLGQRQLVPYKLSTRPDIVEGDDLHYVNNPAMQQMWDDMKRTIIVGMDLAHETLEKRLGKEVTPETINGYMEAVNHTMPGAAIVQEHMVETHPGLVDDCYVKIFTGDDELADEIDPQYVININKLFDKEDQNEKLKAAIGKTTWQAVHIPTIVVRSCDGGNTSRWSAMQIGMSFIAAYNMCAGEAAVADLAFAAKHAAAIQMAEMLPARRARSPNEPGGLSFGYCADMVQTMRIKPEDPVWYTLEVVACGTMLYDQIWLGSYMSGGVGFTQYATAAYTNDVLDDFTYYGYDYALNKYGPDGTAPNDLATATDIATETTLNGMESYEDYPTLLEDHFGGSQRAGILAAASACATGIATGNAQVALSGWYMSMYVHKEGWGRLGFFGYDLQDQCGATNVCSYQGDEGECLELRGANYPNYAMNVGHQGEYAGFTGAAHAGAHDAYCCNPLVKVCFADPSLVFDFSYIRREYAKGGMRTFRPAGERSLVIPAGI	561	1 KB	linear	FastTree	urn:local:.:1eh-idbm34g
3300021509 3	0	Fri Oct 25 11:14:45 MDT 2024	assembled Ga0190304_10039285 methyl-coenzyme M reductase alpha subunit	true	7434.089898053753	Fri Oct 25 11:14:45 MDT 2024	AA		MTYKYPSEKIFVEALREKFAGLDLSEQKVKYVRAGYLQSARKREFQAAGERVAEKRGIKQYDANVHLGGMTLGQRQLVPYKLSTRPDIVEGDDLHYVNNPAMQQMWDDMKRTIIVGMDLAHETLEKRLGKEVTPETINGYMEAVNHTMPGAAIVQEHMVETHPGLVDDCYVKLFTGDDELADEIDPQYVININKLFDKEDQNEKLKAAIGKTTWQAVHIPTIVVRSCDGGNTSRWSAMQIGMSFIAAYNMCAGEAAVADLAFAAKHAAAIQMAEMLPARRARSPNEPGGLSFGYCADMVQTMRIKPEDPVWYTLEVVACGTMLYDQIWLGSYMSGGVGFTQYATAAYTNDVLDDFTYYGYDYALNKYGPDGTAPNDLATATDIATETTLNGMESYEDYPTLLEDHFGGSQRAGILAAASACATGIATGNAQVALSGWYMSMYVHKEGWGRLGFFGYDLQDQCGATNVCSYQGDEGECLELRGANYPNYAMNVGHQGEYAGFTGAAHAGAHDAYCCNPLVKVCFADPSLVFDFSYIRREYAKGGMRTFRPAGERSLVIPAGI	561	1 KB	linear	FastTree	urn:local:.:1el-idbm34g
3300021507 3	0	Fri Oct 25 11:14:45 MDT 2024	assembled Ga0190316_10049372 methyl-coenzyme M reductase alpha subunit	true	7434.089898053753	Fri Oct 25 11:14:45 MDT 2024	AA		MTYKYPSEKIFVEALREKFAGLDLSEQKTKYVRAGYLQSARKREFQAAGERVAEKRGIKQYDANVHLGGMTLGQRQLVPYKLSTRPDIVEGDDLHYVNNPAMQQMWDDMKRTIIVGMDLAHETLEKRLGKEVTPETINGYMEAVNHTMPGAAIVQEHMVETHPGLVDDCYVKLFTGDDELADEIDPQYVININKLFDKEDQNEKLKAAIGKTTWQAVHIPTIVVRSCDGGNTSRWSAMQIGMSFIAAYNMCAGEAAVADLAFAAKHAAAIQMAEMLPARRARSPNEPGGLSFGYCADMVQTMRIKPEDPVWYTLEVVACGTMLYDQIWLGSYMSGGVGFTQYATAAYTNDVLDDFTYYGYDYALNKYGPDGTAPNDLATATDIATETTLNGMESYEDYPTLLEDHFGGSQRAGILAAASACATGIATGNAQVALSAWYMSMYVHKEGWGRLGFFGYDLQDQCGATNVCSYQGDEGECLELRGANYPNYAMNVGHQGEYAGFTGAAHAGAHDAYCCNPLVKVCFADPSLVFDFSYIRREYAKGGMRTFRPAGERSLVIPAGI	561	1 KB	linear	FastTree	urn:local:.:1et-idbm34h
3300042087	0	Fri Oct 25 11:14:45 MDT 2024	assembled Ga0466254_065428_7465_9150 methyl-coenzyme M reductase alpha subunit	true	7434.089898053753	Fri Oct 25 11:14:45 MDT 2024	AA		MAYKYPSEKLFVEALKAKFAGLDLADQKVKYVRAGYVQNARKREFQAAGAAVAERRGMQQYDVNVHCGGMTLGQRQLVPYKLSTQPDIVEGDDLHYVNNPAMQQMWDDMKRTIIVGMDLAHETLEKRLGKEVTPESIAGYMEAVNHTMPGAAIVQEHMVETHPGLVDDCYVKLFTGDDELADEIDSQYVININDLFDKEGQADKIKAAMGKTTWQAVHIPTIVVRCCDGGNTSRWSAMQIGMSFIAAYNMCAGEAAVADLAFAAKHAAAIQMAEMLPARRARSPNEPGGLSFGYCADMVQKMRVKPDDPVLYTLEVVACGTMLYDQIWLGSYMSGGVGFTQYATAAYTNDVLDDFTYYGYDYALNKYGDDGTAPNDLATATDLATEVTLNGMECYEDYPTLLEDHFGGSQRAGILAAASACTTGIATGNAQVALSAWYMSMYLHKEGWGRLGFFGYDLQDQCGATNVCSYQGDEGCCLELRGANYPNYAMNVGHQGEYAGFTGAAHAGAHDAYCCNPLIKVCFADPSLVFDFADIRKEYAKGAMRTFRPAGERSLVIPAGV	561	1 KB	linear	FastTree	urn:local:.:1gh-idbm34j
3300021513	0	Fri Oct 25 11:14:45 MDT 2024	assembled Ga0190315_10026432 methyl-coenzyme M reductase alpha subunit	true	7434.089898053753	Fri Oct 25 11:14:45 MDT 2024	AA		MTYKYPSEKIFVEALREKFAGLDLSEQKTKYVRAGYLQSARKREFQAAGERVAEKRGIKQYDANVHLGGMTLGQRQLVPYKLSTRPDIVEGDDLHYVNNPAMQQMWDDMKRTIIVGMDLAHETLEKRLGKEVTPETINGYMEAVNHTMPGAAIVQEHMVETHPGLVDDCYVKLFTGDDELADEIDPQYVININKLFDKEDQNEKLKAAIGKTTWQAVHIPTIVVRSCDGGNTSRWSAMQIGMSFIAAYNMCAGEAAVADLAFAAKHAAAIQMAEMLPARRARSPNEPGGLSFGYCADMVQTMRVKPEDPVWYTLEVVACGTMLYDQIWLGSYMSGGVGFTQYATAAYTNDVLDDFTYYGYDYALNKYGPDGTAPNDLATATDIATETTLNGMESYEDYPTLLEDHFGGSQRAGILAAASACATGIATGNAQVALSAWYMSMYVHKEGWGRLGFFGYDLQDQCGATNVCSYQGDEGECLELRGANYPNYAMNVGHQGEYAGFTGAAHAGAHDAYCCNPLVKVCFADPSLVFDFSYIRREYAKGGMRTFRPAGERSLVIPAGI	561	1 KB	linear	FastTree	urn:local:.:1e1-idbm34g
3300021503	0	Fri Oct 25 11:14:45 MDT 2024	assembled Ga0190348_10003784 methyl-coenzyme M reductase alpha subunit	true	7434.089898053753	Fri Oct 25 11:14:45 MDT 2024	AA		MTYKYPSEKIFVEALREKFAGLDLSEQKVKYVRAGYLQSARKREFQAAGERVAEKRGIKQYDANVHLGGMTLGQRQLVPYKLSTRPDIVEGDDLHYVNNPAMQQMWDDMKRTIIVGMDLAHETLEKRLGKEVTPETINGYMEAVNHTMPGAAIVQEHMVETHPGLVDDCYVKLFTGDDELADEIDPQYVININKLFDKEDQNEKLKAAIGKTTWQAVHIPTIVVRSCDGGNTSRWSAMQIGMSFIAAYNMCAGEAAVADLAFAAKHAAAIQMAEMLPARRARSPNEPGGLSFGYCADMVQTMRIKPEDPVWYTLEVVACGTMLYDQIWLGSYMSGGVGFTQYATAAYTNDVLDDFTYYGYDYALNKYGPDGTAPNDLATATDIATETTLNGMESYEDYPTLLEDHFGGSQRAGILAAASACATGIATGNAQVALSAWYMSMYVHKEGWGRLGFFGYDLQDQCGATNVCSYQGDEGECLELRGANYPNYAMNVGHQGEYAGFTGAAHAGAHDAYCCNPLVKVCFADPSLVFDFSYIRREYAKGGMRTFRPAGERSLVIPAGI	561	1 KB	linear	FastTree	urn:local:.:1d5-idbm34e
3300021500	0	Fri Oct 25 11:14:45 MDT 2024	assembled Ga0190347_10012967 methyl-coenzyme M reductase alpha subunit	true	7434.089898053753	Fri Oct 25 11:14:45 MDT 2024	AA		MTYKYPSEKIFVEALREKFAGLDLSEQKTKYVRAGYLQSARKREFQAAGERVAEKRGIKQYDANVHLGGMTLGQRQLVPYKLSTRPDIVEGDDLHYVNNPAMQQMWDDMKRTIIVGMDLAHETLEKRLGKEVTPETINGYMEAVNHTMPGAAIVQEHMVETHPGLVDDCYVKLFTGDDELADEIDPQYVININKLFDKEDQNEKLKAAIGKTTWQAVHIPTIVVRSCDGGNTSRWSAMQIGMSFIAAYNMCAGEAAVADLAFAAKHAAAIQMAEMLPARRARSPNEPGGLSFGYCADMVQTMRIKPEDPVWYTLEVVACGTMLYDQIWLGSYMSGGVGFTQYATAAYTNDVLDDFTYYGYDYALNKYGPDGTAPNDLATATDIATETTLNGMESYEDYPTLLEDHFGGSQRAGILAAASACATGIATGNAQVALSAWYMSMYVHKEGWGRLGFFGYDLQDQCGATNVCSYQGDEGECLELRGANYPNYAMNVGHQGEYAGFTGAAHAGAHDAYCCNPLVKVCFADPSLVFDFSYIRREYAKGGMRTFRPAGERSLVIPAGI	561	1 KB	linear	FastTree	urn:local:.:1fp-idbm34i
3300021490	0	Fri Oct 25 11:14:45 MDT 2024	assembled Ga0190330_10021674 methyl-coenzyme M reductase alpha subunit	true	7434.089898053753	Fri Oct 25 11:14:45 MDT 2024	AA		MTYKYPSEKIFVEALREKFAGLDLSEQKVKYVRAGYLQSARKREFQAAGERVAEKRGIKQYDANVHLGGMTLGQRQLVPYKLSTRPDIVEGDDLHYVNNPAMQQMWDDMKRTIIVGMDLAHETLEKRLGKEVTPETINGYMEAVNHTMPGAAIVQEHMVETHPGLVDDCYVKLFTGDDELADEIDPQYVININKLFDKEDQNEKLKAAIGKTTWQAVHIPTIVVRSCDGGNTSRWSAMQIGMSFIAAYNMCAGEAAVADLAFAAKHAAAIQMAEMLPARRARSPNEPGGLSFGYCADMVQTMRIKPEDPVWYTLEVVACGTMLYDQIWLGSYMSGGVGFTQYATAAYTNDVLDDFTYYGYDYALNKYGPDGTAPNDLATATDIATETTLNGMESYEDYPTLLEDHFGGSQRAGILAAASACATGIATGNAQVALSAWYMSMYVHKEGWGRLGFFGYDLQDQCGATNVCSYQGDEGECLELRGANYPNYAMNVGHQGEYAGFTGAAHAGAHDAYCCNPLVKVCFADPSLVFDFSYIRREYAKGGMRTFRPAGERSLVIPAGI	561	1 KB	linear	FastTree	urn:local:.:1fx-idbm34j
3300021486	0	Fri Oct 25 11:14:45 MDT 2024	assembled Ga0190346_10026352 methyl-coenzyme M reductase alpha subunit	true	7434.089898053753	Fri Oct 25 11:14:45 MDT 2024	AA		MTYKYPSEKIFVEALREKFAGLDLSEQKVKYVRAGYLQSARKREFQAAGERVAEKRGIKQYDANVHLGGMTLGQRQLVPYKLSTRPDIVEGDDLHYVNNPAMQQMWDDMKRTIIVGMDLAHETLEKRLGKEVTPETINGYMEAVNHTMPGAAIVQEHMVETHPGLVDDCYVKLFTGDDELADEIDPQYVININKLFDKEDQNEKLKAAIGKTTWQAVHIPTIVVRSCDGGNTSRWSAMQIGMSFIAAYNMCAGEAAVADLAFAAKHAAAIQMAEMLPARRARSPNEPGGLSFGYCADMVQTMRIKPEDPVWYTLEVVACGTMLYDQIWLGSYMSGGVGFTQYATAAYTNDVLDDFTYYGYDYALNKYGPDGTAPNDLATATDIATETTLNGMESYEDYPTLLEDHFGGSQRAGILAAASACATGIATGNAQVALSAWYMSMYVHKEGWGRLGFFGYDLQDQCGATNVCSYQGDEGECLELRGANYPNYAMNVGHQGEYAGFTGAAHAGAHDAYCCNPLVKVCFADPSLVFDFSYIRREYAKGGMRTFRPAGERSLVIPAGI	561	1 KB	linear	FastTree	urn:local:.:1dt-idbm34f
2842580352	0	Fri Oct 25 11:14:45 MDT 2024	methyl-coenzyme M reductase alpha subunit ANME-2 cluster archaeon S7142MS2	true	7434.089898053753	Fri Oct 25 11:14:45 MDT 2024	AA		MAYKYPSEKMFVEALKAKFAGLDLSEQKTKYVRAGYVQNARKREFQAAGAAVAERRGMQQYDVNVHCGGMTLGQRQLVPYKLSTQPDIVEGDDLHYVNNPAMQQMWDDMKRTIIVGMDLAHETLEKRLGKEVTPESIAGYMEAVNHTMPGAAIVQEHMVETHPGLVDDCYVKMFTGDDELADEIDSQYVININDLFDKEGQADKIKAAMGKTTWQAVHIPTIVVRCCDGGNTSRWSAMQIGMSFIAAYNMCAGEAAVADLAFAAKHAAAVQMAEMLPARRARSPNEPGGLSFGYCADMVQKMRVKPEDPVLYTLEVVACGTMLYDQIWLGSYMSGGVGFTQYATAAYTNDVLDDFTYYGYDYALNKYGDDGTAPNDLATATDLATEVTLNGMECYEDYPTLLEDHFGGSQRAGILAAASACTTGIATGNAQVALSAWYMSMYLHKEGWGRLGFFGYDLQDQCGATNVCSYQGDEGCCLELRGANYPNYAMNVGHQGEYAGFTGAAHAGAHDAYCCNPLIKVCFADPSLVFDFSDIRKEYAKGAMRTFRPAGERSLVIPAGV	561	1 KB	linear	FastTree	urn:local:.:1dh-idbm34e
3300033148 7	0	Fri Oct 25 11:14:45 MDT 2024	assembled Ga0366832_12329471 methyl-coenzyme M reductase alpha subunit	true	7434.089898053753	Fri Oct 25 11:14:45 MDT 2024	AA		MAYKYPSEKMFVEALKAKFAGLDLSEQKVAYVRAGYVQNARKREFQAAGERVAEQRGMKQYDVNVHCGGMTLGQRQLVPYKLSTTSDIVEGDDLHYVNNPAMQQMWDDIKRTIIVGMDLAHETLEKRLGKEVTPESIAGYMEAVNHTMPGAAIVQEHMVETHPGLVDDCYVKLFTGDDELADEIDSQYVININDLFDKEGQADKIKAAMGKTTWQAVHIPTIVVRCCDGGNTSRWSAMQIGMSFIAAYNMCAGEAAVADLAFAAKHAAAIQMAEMLPARRARSPNEPGGLSFGYCADMVQKMRVKPDDPVLYTLEVVACGTMLYDQIWLGSYMSGGVGFTQYATAAYTNDVLDDFTYYGYDYALNKYGDDGTAPNDLATATDLATEVTLNGMESYEDYPTLLEDHFGGSQRAGILAAASACTTGIATGNAQVALSGWYMSMYLHKEGWGRLGFFGYDLQDQCGATNVCSYQGDEGCCLELRGANYPNYAMNVGHQGEYAGFTGAAHAGAHDAYCCNPLVKVCFADPSLVFDFSYIRKEYAKGAMRTFRPAGERSLV	556	1 KB	linear	FastTree	urn:local:.:1gd-idbm34j
3300033142 2	0	Fri Oct 25 11:14:45 MDT 2024	assembled Ga0366826_11955472 methyl-coenzyme M reductase alpha subunit	true	7434.089898053753	Fri Oct 25 11:14:45 MDT 2024	AA		IFVEALKAKFAGLDLSEQKVEYKRAGYVQNARKREFQAAGERVAEKRGMKQYDVNVHLGGMTLGQRQLVPYKLSTTPDIVEGDDLHYVNNPAMQQMWDDIKRTIIVGMDLAHETLEKRLGKEVTPESIAGYMEAVNHTMPGAAIVQEHMVETHPGLVDDCYVKLFTGDDELADEIDSQYVININDLFDKEGQADTIKAAIGKTTWQAVHIPTIVVRSCDGGNTSRWSAMQIGMSFIAAYNMCAGEAAVADLAFAAKHAAAVQMAEMLPARRARSPNEPGGLSFGYCADMCQTQRIAPDDPVRCTLEVVATGTMLYDQIWLGSYMSGGVGFTQYATAAYTNDVLDDFTYYGYDYALNKYGEDGTAPNDLATATDLATEVTLNAMECYEDYPTLLEDHFGGSQRAGVMAAASACTTGIATGNAQVALSGWYMSMYLHKEGWGRLGFFGYDLQDQCGATNVCSYQGDEGCCLELRGANYPNYAMNVGHQGEYAGITQSAHSGSHDAYCCNPLIKVCFADPSLVFDFSHTRKEYARGAMRTFRPAGERSLVIPAGI	552	1 KB	linear	FastTree	urn:local:.:1h5-idbm34k
3300013099	0	Fri Oct 25 11:14:45 MDT 2024	assembled Ga0164315_101697382 methyl-coenzyme M reductase alpha subunit	true	7434.089898053753	Fri Oct 25 11:14:45 MDT 2024	AA		MAYKYPSEKIFVEALKAKFAGLDLSEQKVEYKRAGYVQNARKREFQAAGERVAEKRGMKQYDVNVHLGGMTLGQRQLVPYKLSTQPDIVEGDDLHYVNNPAMQQMWDDMKRTIIVGMDLAHETLEKRLGKEVTPESIAGYMEAVNHTMPGAAIVQEHMVETHPGLVDDCYVKMFTGDDELADEIDSQYVININDLFDKEGQNEKLKAAIGKTTWQAVHIPTIVVRCCDGGNTSRWSAMQIGMSFIAAYNMCAGEAAVADLAFAAKHAAAVQMAEMLPARRARSPNEPGGLSFGYCADMVQKMRVKPEDPVLYTLEVVACGTMLYDQIWLGSYMSGGVGFTQYATAAYTNDVLDDFTYYGYDYALNKYGPDGTAPNDLATATDIATETTLNGMESYEDYPTLLEDHFGGSQRAGILAAASACATGIATGNAQVALSAWYMSMYVHKEGWGRLGFFGYDLQDQCGATNVCSYQGDEGECLELRGANYPNYAMNVGHQGEYAGFTGAAHAGAHDAYCCNP	517	1 KB	linear	FastTree	urn:local:.:1fh-idbm34i
3300013103	0	Fri Oct 25 11:14:45 MDT 2024	assembled Ga0164318_101778472 methyl-coenzyme M reductase alpha subunit	true	7434.089898053753	Fri Oct 25 11:14:45 MDT 2024	AA		MAYKYPSEKIFVEALKAKFAGLDLADQKTKYVRAGFVQNARKREFQAAGMRVAEQRGIKQYDVNVHLGGMTLGQRQLVPYKLSTQPDIVEGDDLHYVNNPAMQQMWDDMKRTIIVGMDLAHETLEKRLGKEVTPESIAGYMEAVNHTMPGAAIVQEHMVETHPGLVDDCYVKMFTGDDELADEIDSQYVININDLFDKEGQNEKLKAAIGKTTWQAVHIPTIVVRCCDGGNTSRWSAMQIGMSFIAAYNMCAGEAAVADLAFAAKHAAAVQMAEMLPARRARSPNEPGGLSFGYCADMVQKMRVKPEDPVLYTLEVVACGTMLYDQIWLGSYMSGGVGFTQYATAAYTNDVLDDFTYYGYDYALNKYGPDGTAPNDLATATDLATEVTLNGMECYEDYPTLLEDHFGGSQRAGILAAASACTTGIATGNAQVALSGWYMSMYLHKEGWGRLGFFGYDLQDQCGATNVCSYQGDEGCCLELRGANYPNYAMNVGHQGEYAGFTGAAHAGAHDAYCCN	516	1 KB	linear	FastTree	urn:local:.:1d1-idbm34d
3300008340 5	0	Fri Oct 25 11:14:45 MDT 2024	assembled Ga0115359_101088941 methyl-coenzyme M reductase alpha subunit	true	7434.089898053753	Fri Oct 25 11:14:45 MDT 2024	AA		VNYVRAGYLQSSRKREFQAAGERVAEQRGIKQYDVNVHCGGMTLGQRQLVPYKLSTRPDIVEGDDLHYVNNPAMQQMWDDMKRTIIVGMDLAHETLEKRLGKEVTPESIAGYMEAVNHTMPGAAIVQEHMVETHPGLVDDCYVKMFTGDDELADEIDSQYVININDLFDKEGQNEKLKAAIGKTTWQAVHIPTIVVRSCDGGNTSRWSAMQIGMSFIAAYNMCAGEAAVADLAFAAKHAAAIQMAEMLPARRARSPNEPGGLSFGYCADMVQTLRVKPEDPVWYTLEVVACGTMLYDQIWLGSYMSGGVGFTQYATAAYTNDVLDDFTYYGYDYALNKYGXDGTAPNDLATATXLATEVTXNGMECYEDYPTLLEDXFGGSQRAGILAAASACTTGXATGNAQVALSAWYMSMYVHKEGWGRLGFFGYDLQDQCGATNVCSYQGDEGCCLELRGANYPNYAMNVGHQGEYAGFTGAAHAGAHDAYCCNPLVKVCFADPSLVFDFSYIRKEYAKGA	515	1 KB	linear	FastTree	urn:local:.:1f5-idbm34h
3300033155 2	0	Fri Oct 25 11:14:45 MDT 2024	assembled Ga0366827_10394775 methyl-coenzyme M reductase alpha subunit	true	7434.089898053753	Fri Oct 25 11:14:45 MDT 2024	AA		MAYKYPSEKIFVEALKAKFAGLDLSEQKVEYKRAGYVQNARKREFQAAGERVAEQRGISQYDVNVHCGGMTLGQRQLVPYKLSTTSDIVEGDDLHYVNNPAMQQMWDDIKRTIVVGMDLAHETLEKRLGKEVTPESIAGYMEAVNHTMPGAAIVQEHMVETHPGLVDDCYVKLFTGDDELADEIDSQYVININDLFDKEGQADAIKAAMGNTTWQAVHIPTIVVRCCDGGNTSRWSAMQIGMSFIAAYNMCAGEAAVADLAFAAKHAAAVQMAEMLPARRARSPNEPGGLSFGYCADMCQTQRIAPDDPVRCTLEVVATGTMLYDQIWLGSYMSGGVGFTQYATAAYTNDVLDDFTYYGYDYALNKYGEDGTASQDLATATDLATEVTLNAMECYEDYPTLLEDHFGGSQRAGVMAAASACTTGIATGNAQVALSAWYMSMYLHKEGWGRLGFFGYDLQDQCGATNVCSYQGDEGCCLELRGANYTAATH	490	1 KB	linear	FastTree	urn:local:.:1dx-idbm34f
3300021483	0	Fri Oct 25 11:14:45 MDT 2024	assembled Ga0190331_10107921 methyl-coenzyme M reductase alpha subunit	true	7434.089898053753	Fri Oct 25 11:14:45 MDT 2024	AA		QYDANVHLGGMTLGQRQLVPYKLSTRPDIVEGDDLHYVNNPAMQQMWDDMKRTIIVGMDLAHETLEKRLGKEVTPETINGYMEAVNHTMPGAAIVQEHMVETHPGLVDDCYVKLFTGDDELADEIDPQYVININKLFDKEDQNEKLKAAIGKTTWQAVHIPTIVVRSCDGGNTSRWSAMQIGMSFIAAYNMCAGEAAVADLAFAAKHAAAIQMAEMLPARRARSPNEPGGLSFGYCADMVQTMRVKPEDPVWYTLEVVACGTMLYDQIWLGSYMSGGVGFTQYATAAYTNDVLDDFTYYGYDYALNKYGPDGTAPNDLATATDIATETTLNGMESYEDYPTLLEDHFGGSQRAGILAAASACATGIATGNAQVALSAWYMSMYVHKEGWGRLGFFGYDLQDQCGATNVCSYQGDEGECLELRGANYPNYAMNVGHQGEYAGFTGAAHAGAHDAYCCNPLVKVCFADPSLVFDFSYIRREY	480	1 KB	linear	FastTree	urn:local:.:1ct-idbm34d
3300008340 4	0	Fri Oct 25 11:14:45 MDT 2024	assembled Ga0115359_100110111 methyl-coenzyme M reductase alpha subunit	true	7434.089898053753	Fri Oct 25 11:14:45 MDT 2024	AA		MAYKYPSEKLFVEALKDKFAGLDLSEKKVNYVRAGYLQSSRKREFQAAGERVAEQRGIKQYDVNVHCGGMTLGQRQLVPYKLSTRPDIVEGDDLHYVNNPAMQQMWDDMKRTIIVGMDLAHETLEKRLGKEVTPESIAGYMEAVNHTMPGAAIVQEHMVETHPGLVDDCYVKMFTGDDELADEIDSQYVININDLFDKEGQNEKIKAAIGKTTWQAVHIPTIVVRCCDGGNTSRWSAMQIGMSFIAAYNMCAGEAAVADLAFAAKHAAAIQMAEMLPARRARSPNEPGGLSFGYCADMVQTLRVKPEDPVWYTLEVVACGTMLYDQIWLGSYMSGGVGFTQYATAAYTNDVLDDFTYYGYDYALNKYGXDGTAPNDLATATXLATEVTXNGMECYEDYPTLLEDXFGGSQRAGILAAASACTTGXATGNAQVALSAWYMSMYVHKEGWGRLGFFGYDLQ	459	1 KB	linear	FastTree	urn:local:.:1h1-idbm34k
3300039254	0	Fri Oct 25 11:14:45 MDT 2024	assembled Ga0438695_0259696_2_1357 methyl-coenzyme M reductase alpha subunit	true	7434.089898053753	Fri Oct 25 11:14:45 MDT 2024	AA		MAYKYPSEKIFVEALKAKFAGLDLSEQKVEYKRAGYVQNARKREFQAAGERVAEQRGISQYDVNVHLGGMTLGQRQLVPYKLSTTPDIVEGDDLHYVNNPAMQQMWDDIKRTIIVGMDLAHETLEKRLGKEVTPESIAGYMEAVNHTMPGAAIVQEHMVETHPGLVDDCYVKLFTGDDELADEIDSQYVININDLFDKEGQADAIKAAMGKTTWQAVHIPTIVVRCCDGGNTSRWSAMQIGMSFIAAYNMCAGEAAVADLAFAAKHAAAVQMAEMLPARRARSPNEPGGLSFGYCADMCQTQRIAPDDPVRCTLEVVATGTMLYDQIWLGSYMSGGVGFTQYATAAYTNDVLDDFTYYGYDYALNKYGEDGTAPNDLATATDLATEVTLNGMECYEDYPTLLEDHFGGSQRAGVMAAASACTTGIATGNAQVALSGWYMSMYLHKEGWGRLG	452	1 KB	linear	FastTree	urn:local:.:1dd-idbm34e
3300039098	0	Fri Oct 25 11:14:45 MDT 2024	assembled Ga0238415_041620_160_1512 methyl-coenzyme M reductase alpha subunit	true	7434.089898053753	Fri Oct 25 11:14:45 MDT 2024	AA		MAYKYPSEKIFVEALKAKFAGLDLAEQKTKYVRAGYVQNARKREFQAAGMAVAERRGMQQYDVNVHLGGMTLGQRQLVPYKLSTQPDIVEGDDLHYVNNPAMQQMWDDMKRTIIVGMDLAHETLEKRLGKEVTPESIAGYMEAVNHTMPGAAIVQEHMVETHPGLVDDCYVKMFTGDDELADEIDSQYVININDLFDKEGQNEKLKAAIGKTTWQAVHIPTIVVRCCDGGNTSRWSAMQIGMSFIAAYNMCAGEAAVADLAFAAKHAAAVQMAEMLPARRARSPNEPGGLSFGYCADMVQKMRVKPEDPVLYTLEVVACGTMLYDQIWLGSYMSGGVGFTQYATAAYTNDVLDDFTYYGYDYALNKFGDDGTAPNDLATATDLATEVTLNGMECYEDYPTLLEDHFGGSQRAGILAAASACTTGIATGNAQVALSAWYMSMYVHKEGWGRL	451	1 KB	linear	FastTree	urn:local:.:1hl-idbm34k
3300014913 5	0	Fri Oct 25 11:14:45 MDT 2024	assembled Ga0164310_100425673 methyl-coenzyme M reductase alpha subunit	true	7434.089898053753	Fri Oct 25 11:14:45 MDT 2024	AA		AHETLEKRLGKEVTPETINGYMEAVNHTMPGAAIVQEHMVETHPGLVDDCYVKLFTGDDELADEIDPQYVININKLFDKEDQNEKLKAAIGKTTWQAVHIPTIVVRSCDGGNTSRWSAMQIGMSFIAAYNMCAGEAAVADLAFAAKHAAAIQMAEMLPARRARSPNEPGGLSFGYCADMVQTMRVKPEDPVWYTLEVVACGTMLYDQIWLGSYMSGGVGFTQYATAAYTNDVLDDFTYYGYDYALNKYGPDGTAPNDLATATDIATETTLNGMESYEDYPTLLEDHFGGSQRAGILAAASACATGIATGNAQVALSAWYMSMYVHKEGWGRLGFFGYDLQDQCGATNVCSYQGDEGECLELRGANYPNYAMNVGHQGEYAGFTGAAHAGAHDAYCCNPLVKVCFADPSLVFDFSYIRREYAKGGMRTFRPAGERSLVIPAGI*	443	1 KB	linear	FastTree	urn:local:.:1hp-idbm34l
3300033153 2	0	Fri Oct 25 11:14:45 MDT 2024	assembled Ga0366824_11346125 methyl-coenzyme M reductase alpha subunit	true	7434.089898053753	Fri Oct 25 11:14:45 MDT 2024	AA		MAYKYPSEKLFVEALKSKFAGLDLAENKVNYVRAGYLQSSRKREFQAAGERVAEKRGMKQYDVNVHCGGMTLGQRQLVPYKLSTRPDIVEGDDLHYVNNPAMQQMWDDMKRTIIVGMDLAHETLEKRLGKEVTPESIAGYMEAVNHTMPGAAIVQEHMVETHPGLVDDCYVKLFTGDDELADEIDSQYVININDLFDKEGQNEKLKAAIGKTTWQAVHIPTIVVRCCDGGNTSRWSAMQIGMSFIAAYNMCAGEAAVADLAFAAKHAAAIQMAEMLPARRARSPNEPGGLSFGYCADMVQTMRVKPEDPVWYTLEVVACGTMLYDQIWLGSYMSGGVGFTQYATAAYTNDVLDDFTYYGYDYALKKYGEDGTAPNDLATATELATEVTLNGMECYEDYPTLLEDHFGGSQRAGILAAASACTTGIATGNAQVALSAWYMSM	441	1 KB	linear	FastTree	urn:local:.:1ft-idbm34i
3300033143	0	Fri Oct 25 11:14:45 MDT 2024	assembled Ga0366829_11097025 methyl-coenzyme M reductase alpha subunit	true	7434.089898053753	Fri Oct 25 11:14:45 MDT 2024	AA		MAYKYPSEKIFVEALKAKFAGLDLSEQKVEYKRAGYVQNARKREFQAAGERVAEQRGISQYDVNVHCGGMTLGQRQLVPYKLSTTSDIVEGDDLHYVNNPAMQQMWDDIKRTIVVGMDLAHETLEKRLGKEVTPESIAGYMEAVNHTMPGAAIVQEHMVETHPGLVDDCYVKLFTGDDELADEIDSQYVININDLFDKEGQADAIKAAMGNTTWQAVHIPTIVVRCCDGGNTSRWSAMQIGMSFIAAYNMCAGEAAVADLAFAAKHAAAVQMAEMLPARRARSPNEPGGLSFGYCADMCQTQRIAPDDPVRCTLEVVATGTMLYDQIWLGSYMSGGVGFTQYATAAYTNDVLDDFTYYGYDYALNKYGEDGTASQDLATATDLATEVTLNAMECYEDYPTLLEDHFGGSQRAGVMAAASACTTGIATG	428	1 KB	linear	FastTree	urn:local:.:1g9-idbm34j
3300021484	0	Fri Oct 25 11:14:45 MDT 2024	assembled Ga0190345_10111811 methyl-coenzyme M reductase alpha subunit	true	7434.089898053753	Fri Oct 25 11:14:45 MDT 2024	AA		GKEVTPESIAGYMEAVNHTMPGAAIVQEHMVETHPGLVDDCYVKMFTGDDELADEIDSQYVININDLFDKEGQNEKLKAAIGKTTWQAVHIPTIVVRCCDGGNTSRWSAMQIGMSFIAAYNMCAGEAAVADLAFAAKHAAAVQMAEMLPARRARSPNEPGGLSFGYCADMVQTLRVKPEDPVWYTLEVVACGTMLYDQIWLGSYMSGGVGFTQYATAAYTNDVLDDFTYYGYDYALNKYGDDGTAPNDLATATDLATEVTLNGMECYEDYPTLLEDHFGGSQRAGILAAASACTTGIATGNAQVALSAWYMSMYLHKEGWGRLGFFGYDLQDQCGATNVCSYQGDEGECLELRGANYPNYAMNVGHQGEYAGFTGAAHAGAHDAYCCNPLVKVCFADPSLVFDFSYIRREYAKGGMRTFRPAGE	424	1 KB	linear	FastTree	urn:local:.:1h9-idbm34k
3300021467 2	0	Fri Oct 25 11:14:45 MDT 2024	assembled Ga0190334_10114404 methyl-coenzyme M reductase alpha subunit	true	7434.089898053753	Fri Oct 25 11:14:45 MDT 2024	AA		MTYKYPSEKIFVEALREKFAGLDLSEQKVKYVRAGYLQSARKREFQAAGERVAEKRGIKQYDANVHLGGMTLGQRQLVPYKLSTRPDIVEGDDLHYVNNPAMQQMWDDMKRTIIVGMDLAHETLEKRLGKEVTPETINGYMEAVNHTMPGAAIVQEHMVETHPGLVDDCYVKLFTGDDELADEIDPQYVININKLFDKEDQNEKLKAAIGKTTWQAVHIPTIVVRSCDGGNTSRWSAMQIGMSFIAAYNMCAGEAAVADLAFAAKHAAAIQMAEMLPARRARSPNEPGGLSFGYCADMVQTMRIKPEDPVWYTLEVVACGTMLYDQIWLGSYMSGGVGFTQYATAAYTNDVLDDFTYYGYDYALNKYGPDGTAPNDLATATDIATETTLNGMESYEDYPTLLEDHFGGSQRAGI	414	1 KB	linear	FastTree	urn:local:.:1e5-idbm34g
3300033155 3	0	Fri Oct 25 11:14:45 MDT 2024	assembled Ga0366827_10673761 methyl-coenzyme M reductase alpha subunit	true	7434.089898053753	Fri Oct 25 11:14:45 MDT 2024	AA		HMVETHPGLVDDCYVKMFTGDDELADEIDSQYVININDLFDKEGQADKIKAAMGKTTWQAVHIPTIVVRCCDGGNTSRWSAMQIGMSFIAAYNMCAGEAAVADLAFAAKHAAAIQMAEMLPARRARSPNEPGGLSFGYCADMVQTMRVKPEDPVWYTLEVVACGTMLYDQIWLGSYMSGGVGFTQYATAAYTNDVLDDFTYYGYDYALKKYGEDGTAPNDLATATELATEVTLNGMECYEDYPTLLEDHFGGSQRAGILAAASACTTGIATGNAQVALSAWYMSMYVHKEGWGRLGFFGYDLQDQCGATNVCSYQGDEGCCLELRGANYPNYAMNVGHQGEYAGFTGAAHAGAHDAYCCNPLVKVCFADPSLVFDFSYIRKEYAKGAMRTFRPAGERSLVIPAGV	405	1 KB	linear	FastTree	urn:local:.:1f9-idbm34h
